Fulton County,M,Downtown,Spring Street Northwest,610 SPRING ST NW,1
Fulton County,T,West End,Oak Street Southwest,850 OAK ST SW,2
Fulton County,X,Capitol View Manor,Metropolitan Parkway Southwest,1344 METROPOLITAN PKWY SW,3
Fulton County,Y,Betmar LaVilla,Pryor Street,1752 PRYOR RD SW,4
Fulton County,M,Old Fourth Ward,John Wesley Dobbs Avenue Northeast,JOHN WESLEY DOBBS AVE NE / CORLEY ST NE,5
Fulton County,C,Peachtree Battle Alliance,Dellwood Drive Northwest,430 W WESLEY RD NW,6
Fulton County,R,Campbellton Road,Myrtle Drive Southwest,MYRTLE DR @ PLAZA LN,7
Fulton County,R,Campbellton Road,Delowe Drive Southwest,1980 DELOWE DR SW,8
Fulton County,C,Brandon,Moores Mill Road,506 MORELAND AVE SE,9
Fulton County,M,Downtown,Peachtree Street Northeast,229 PEACHTREE ST NE,10
Fulton County,N,Inman Park,Euclid Avenue Northeast,1083 EUCLID AVE NE,11
Fulton County,J,Center Hill,Donald Lee Hollowell Parkway Northwest,2315 DONALD LEE HOLLOWELL BLVD NW,12
Fulton County,B,Lenox,Lenox Road,3475 LENOX RD NE,13
Fulton County,B,Lindbergh/Morosgo,Sidney Marcus Boulevard Northeast,800 SIDNEY MARCUS BLVD NE,14
Fulton County,M,Downtown,Ted Turner Drive Northwest,210 PEACHTREE ST,15
Fulton County,V,Mechanicsville,Pryor Street Southwest,202 RICHARDSON ST SW,16
Fulton County,Z,Thomasville Heights,Thomasville Boulevard Southeast,450 THOMASVILLE BLVD SE,17
Fulton County,B,Lindbergh/Morosgo,Piedmont Road Northeast,2591 PIEDMONT RD NE,18
Fulton County,W,Grant Park,Hill Street Southeast,678 HILL ST SE,19
DeKalb County,O,Edgewood,Marion Place Northeast,165 MARION PL NE,20
Fulton County,F,Lindridge/Martin Manor,Lindridge Drive Northeast,1116 LINDRIDGE DR NE,21
Fulton County,E,Brookwood,Golden Gate Drive Northwest,149 26TH ST NW,22
Fulton County,H,Bankhead/Bolton,Unknown,901 BOLTON RD NW,23
Fulton County,M,Downtown,John Portman Boulevard Northwest,36 HARRIS ST NW,24
Fulton County,Y,Lakewood Heights,Reynolds Drive Southwest,2019 REYNOLDS DR SW,25
Fulton County,M,Castleberry Hill,Peters Street Southwest,TRENHOLM ST SW / PETERS ST SW,26
Fulton County,E,Midtown,3rd Street Northeast,3RD ST NE / PEACHTREE ST NE,27
Fulton County,T,The Villages at Castleberry H,Greensferry Avenue Southwest,600 GREENSFERRY AVE SW,28
Fulton County,Y,Chosewood Park,Hill Street Southeast,1306 HILL ST SE,29
Fulton County,W,Boulevard Heights,Benteen Avenue Southeast,1168 BENTEEN AVE SE,30
Fulton County,M,Old Fourth Ward,North Avenue Northeast,640 NORTH AVE NE,31
Fulton County,R,Adams Park,Venetian Drive Southwest,2011 VENETIAN DR SW,32
Fulton County,R,Greenbriar,Unknown,3200 STONE RD SW,33
DeKalb County,O,East Lake,Morgan Place Southeast,292 MORGAN PLACE S.E.,34
Fulton County,I,Westwood Terrace,Kennolia Drive Southwest,701 KENNOLIA DR SW,35
Fulton County,I,Westhaven,Burton Road Northwest,2777 BURTON RD NW,36
Fulton County,P,Kings Forest,Campbellton Road,3909 CAMPBELLTON RD SW,37
Fulton County,B,North Buckhead,Tower Place Drive,3334 PEACHTREE RD NE,38
Fulton County,B,Pine Hills,Arbor Gates Drive,2700 PINE TREE DR NE,39
Fulton County,T,Harris Chiles,Legacy Drive Southwest,372 LEGACY DR SW,40
Fulton County,E,Loring Heights,Mecaslin Street Northwest,302 DEERING RD NW,41
Fulton County,J,Dixie Hills,Carver Drive Northwest,2086 CARVER DR,42
Fulton County,T,Atlanta University Center,Larkin Street Southwest,659 LARKIN ST SW,43
Fulton County,F,Virginia Highland,Kanuga Street Northeast,1011 MONROE DR NE,44
Fulton County,K,Bankhead,Cairo Street Northwest,556 CAIRO ST NW,45
DeKalb County,W,East Atlanta,Gresham Avenue Southeast,564 GRESHAM AVE SE,46
DeKalb County,W,East Atlanta,Flat Shoals Avenue Southeast,424 FLAT SHOALS AVE SE,47
Fulton County,E,Home Park,Atlantic Drive Northwest,1128 ATLANTIC DR NW,48
Fulton County,M,Downtown,John Portman Boulevard Northeast,COURTLAND ST NE / HARRIS ST NE,49
Fulton County,M,Downtown,Forsyth Street Northwest,FORSYTH ST NW / MARIETTA ST NW,50
Fulton County,B,Lenox,Peachtree Road Northeast,3393 PEACHTREE RD NE @LENOX MALL,51
Fulton County,C,Peachtree Battle Alliance,Woodward Way Northwest,2412 WOODWARD WAY NW,52
Fulton County,M,Old Fourth Ward,Parkway Drive Northeast,510 PARKWAY DR NE,53
Fulton County,E,Midtown,7th Street Northeast,7TH ST NE / JUNIPER ST NE,54
Fulton County,E,Midtown,Juniper Street Northeast,JUNIPER ST NE / 10TH ST NE,55
Fulton County,F,Morningside/Lenox Park,North Highland Avenue Northeast,1424 N HIGHLAND AVE NE,56
Fulton County,T,Atlanta University Center,Mitchell Street Southwest,836 MITCHELL ST SW,57
Fulton County,V,Mechanicsville,Richardson Street Southwest,259 RICHARDSON ST SW,58
Fulton County,I,Green Forest Acres,Pamlico Drive Southwest,3324 LYNFIELD LANE,59
Fulton County,W,Custer/McDonough/Guice,Moreland Drive Southeast,941 MORELAND DR SE,60
Fulton County,J,Grove Park,Jones Avenue Northwest,1123 JONES AVE,61
Fulton County,M,Downtown,Pryor Street Southwest,15 PEACHTREE ST SE,62
Fulton County,M,Old Fourth Ward,Parkway Drive Northeast,303 PARKWAY DR NE,63
Fulton County,Z,Glenrose Heights,Oak Drive Southeast,240 OAK DR SE,64
Fulton County,M,Downtown,Kimball Way Southeast,50 ALABAMA ST SW,65
Fulton County,T,West End,Skylofts Atlanta,895 RALPH D ABERNATHY BLVD SW,66
Fulton County,D,Berkeley Park,Howell Mill Road Northwest,1801 HOWELL MILL RD NW,67
Fulton County,K,Knight Park/Howell Station,West Marietta Street Northwest,260 HOLLY RD NW,68
Fulton County,B,Lenox,Peachtree Road Northeast,3393 PEACHTREE RD NE,69
Fulton County,F,Lindridge/Martin Manor,Woodland Avenue Northeast,1195 WOODLAND AVE NE,70
Fulton County,M,Downtown,Pratt Street Southeast,PRATT ST SE / ARMSTRONG ST SE,71
Fulton County,S,Oakland City,Arlington Avenue Southwest,1111 ARLINGTON AVE,72
Fulton County,B,Garden Hills,Peachtree Road Northeast,2715 PEACHTREE RD NE,73
Fulton County,F,Atkins Park,Saint Charles Place Northeast,1117 SAINT CHARLES PL NE,74
Fulton County,M,Old Fourth Ward,John Wesley Dobbs Avenue Northeast,480 JOHN WESLEY DOBBS AVE NE,75
Fulton County,V,Pittsburgh,McDaniel Street Southwest,765 MCDANIEL ST SW,76
Fulton County,R,Campbellton Road,Campbellton Road Southwest,2178 CAMPBELLTON RD SW,77
Fulton County,T,Westview,Rogers Avenue Southwest,1655 ROGERS AVE SW,78
Fulton County,V,Mechanicsville,McDaniel Street Southwest,608 MCDANIEL STREET,79
Fulton County,H,Bankhead/Bolton,Unknown,901 BOLTON ROAD NW,80
Fulton County,T,Atlanta University Center,Beckwith Street Southwest,829 BECKWITH ST SW,81
Fulton County,Y,Lakewood Heights,Adair Avenue Southeast,208 ADAIR AVE SE,82
Fulton County,P,Ashley Courts,Kimberly Way Southwest,1371 KIMBERLY WAY SW,83
Fulton County,T,West End,Oglethorpe Avenue Southwest,590 CASADE,84
Fulton County,W,Custer/McDonough/Guice,Wellswood Drive Southeast,1565 WELLSWOOD DR SE,85
Fulton County,V,Peoplestown,Fern Avenue Southeast,1048 FERN AVE SE,86
Clayton County,Unknown,Unknown,South Inner Loop Road,CONCOURSE C @10700 SPINE RD,87
Fulton County,J,West Lake,West Lake Drive Northwest,252 W LAKE DR NW,88
Fulton County,L,Vine City,Joseph E. Boone Boulevard Northwest,912 JOSEPH E BOONE DR NW,89
Fulton County,Y,Chosewood Park,Federal Terrace Southeast,499 FEDERAL TER SE,90
Fulton County,K,Bankhead,Donald Lee Hollowell Parkway Northwest,1045 DONALD LEE HOLLOWELL PKWY NW,91
Fulton County,T,West End,Oak Street Southwest,1025 OAK ST SW,92
Fulton County,P,Princeton Lakes,Princeton Lakes Parkway,3760 PRINCETON LAKES PKWY SW,93
Fulton County,M,Downtown,Downtown Connector,80 JESSE HILL JR DR SE,94
Fulton County,H,Fairburn Heights,Collier Drive Northwest,3380 COLLIER DR NW,95
Fulton County,E,Midtown,North Avenue Northwest,61 NORTH AVE NW @VARSITY DRIVE INN,96
Fulton County,L,English Avenue,Western Avenue Northwest,370 NORTHSIDE DR NW,97
DeKalb County,W,East Atlanta,Ormewood Avenue Southeast,1351 ORMEWOOD AVE SE,98
Fulton County,I,Westwood Terrace,Pine Oak Drive Southwest,1971 PINE OAK DR SW,99
Fulton County,M,Downtown,Pryor Street,122 MLK JR DR SW,100
Fulton County,P,Ben Hill Terrace,Kimberly Road Southwest,1935 KIMBERLY RD SW,101
Fulton County,M,Downtown,Peachtree Street Northeast,300 PEACHTREE ST NE,102
Fulton County,F,Morningside/Lenox Park,Dutch Valley Road Northeast,560 DUTCH VALLEY RD NE,103
Fulton County,E,Midtown,West Peachtree Street Northwest,2 13TH ST NE,104
Fulton County,M,Castleberry Hill,Bettys Alley,23 LARKIN PL SW,105
Fulton County,I,Collier Heights,Donald Lee Hollowell Parkway Northwest,3070 DONALD LEE HOLLOWELL PKWY NW,106
DeKalb County,O,East Lake,Memorial Drive Southeast,2886 MEMORIAL DR SE,107
Fulton County,W,Woodland Hills,Knott Street Southeast,1241 MORELAND AVE SE,108
Fulton County,S,Venetian Hills,Epworth Street Southwest,1401 EPWORTH ST SW,109
Fulton County,E,Home Park,14th Street Northwest,151 14TH ST NW,110
Fulton County,M,Downtown,Baker Street Northwest,BAKER ST NE / PEACHTREE ST NW,111
Fulton County,C,Springlake,Springlake Lane,765 SPRINGLAKE LN NW,112
Fulton County,E,Midtown,Monroe Drive Northeast,MONROE DR NE / 10TH ST NE,113
Fulton County,M,Downtown,Pratt Street Southeast,ARMSTRONG ST SE / PRATT ST SE,114
Fulton County,X,Sylvan Hills,Cahoon Street Southwest,1759 CAHOON ST SW,115
Fulton County,N,Inman Park,Moreland Avenue Northeast,412 MORELAND AVE NE,116
Fulton County,E,Midtown,Piedmont Avenue Northeast,1073 PIEDMONT AVE NE @PIEDMONT PARK,117
Fulton County,B,North Buckhead,Tower Place Drive,ONE BUCKHEAD LOOP,118
Fulton County,Z,Browns Mill Park,Sunridge Avenue Southeast,2403 SUNRIDGE AVE SE,119
Fulton County,S,Venetian Hills,Elizabeth Avenue Southwest,1295 ELIZABETH AVE SW,120
Fulton County,J,Center Hill,Capitol View Avenue Northwest,898 CAPITOL VIEW AVE NW,121
Fulton County,S,Oakland City,Lee Street Southwest,1117 LEE,122
Fulton County,X,Hammond Park,Unknown,532 CLEVELAND AVE SW,123
Fulton County,M,Downtown,Peachtree Center Avenue Northeast,36 HARRIS ST,124
Fulton County,S,Venetian Hills,Eastridge Road Southwest,1306 EASTRIDGE RD SW,125
Fulton County,H,Carroll Heights,Bolfair Drive Northwest,3616 BOLFAIR DR NW,126
Fulton County,X,Sylvan Hills,Metropolitan Parkway Southwest,1919 METROPOLITAN PKY,127
Fulton County,B,Lindbergh/Morosgo,Morosgo Drive Northeast,2525 PIEDMONT RD,128
Fulton County,J,Center Hill,Hall Street Northwest,864 HALL ST NW,129
Fulton County,E,Midtown,11th Street Northeast,199 11TH ST NE,130
Fulton County,P,Brentwood,Meadowridge Drive Southwest,3481 MEADOWRIDGE DR SW,131
Fulton County,Z,Leila Valley,Leila Lane Southeast,2327 LEILA LN SE,132
Fulton County,P,Princeton Lakes,Camp Creek Parkway,3833 PRINCETON LAKES PKWY,133
Fulton County,M,Downtown,Forsyth Street Southwest,232 FORSYTH ST SW,134
Fulton County,E,Atlantic Station,18th Street Northwest,231 18TH ST NW,135
Fulton County,M,Downtown,Broad Street Northwest,BROAD ST NW / MARIETTA ST NW,136
Fulton County,E,Marietta Street Artery,Marietta Street Northwest,840 MARIETTA ST NW,137
Fulton County,E,Marietta Street Artery,Bankhead Avenue Northwest,MARIETTA ST NW / BANKHEAD AVE NW,138
Fulton County,B,Garden Hills,Pine Tree Drive Northeast,356 PINE TREE DR NE,139
Fulton County,Y,Joyland,Taft Street Southwest,247 TAFT ST SW,140
Fulton County,E,Midtown,Piedmont Avenue Northeast,1086 PIEDMONT,141
Fulton County,R,Unknown,Unknown,1870 CAMPBELLTON RD SW,142
Fulton County,V,Pittsburgh,James Wendell George Parkway,UNIVERSITY AVE SW / I-75-85 SB EXPY SW,143
Fulton County,S,Venetian Hills,Campbellton Road Southwest,1829 CAMPBELLTON RD SW,144
Fulton County,T,Ashview Heights,Parsons Street Southwest,978 PARSONS ST SW,145
Fulton County,P,Unknown,North Camp Creek Parkway Southwest,3540 N CAMP CREEK PKWY SW,146
Fulton County,D,Blandtown,Huff Road Northwest,1040 HUFF RD,147
Fulton County,E,Marietta Street Artery,North Avenue Northwest,700 MARIETTA ST NW,148
Fulton County,E,Midtown,Peachtree Street,1660 PEACHTREE ST NW,149
Fulton County,H,Old Gordon,Martin Luther King Junior Drive Southwest,3815 MARTIN L KING JR DR NW,150
Fulton County,J,Grove Park,Hollywood Road Northwest,829 HOLLYWOOD RD NW,151
Fulton County,E,Home Park,Calhoun Street Northwest,429 CALHOUN ST NW,152
Fulton County,E,Unknown,Brookwood Valley Circle Northeast,105 COLLIER RD NW,153
Fulton County,Y,Lakewood Heights,Adelle Street Southeast,373 ADELLE ST SE,154
Fulton County,C,Peachtree Battle Alliance,Woodward Way Northwest,2426 WOODWARD WAY,155
Fulton County,G,Almond Park,Gun Club Road Northwest,1220 GUN CLUB RD NW,156
DeKalb County,W,East Atlanta,Gracewood Avenue Southeast,1217 GRACEWOOD AVE SE,157
Fulton County,B,North Buckhead,Peachtree Road,3334 PEACHTREE RD NE,158
Fulton County,S,Venetian Hills,Campbellton Road Southwest,1621 CAMPBELLTON RD SW,159
Fulton County,M,Old Fourth Ward,North Avenue Northeast,605 BOULEVARD NE,160
Fulton County,Y,South Atlanta,Jonesboro Road Southeast,1591 JONESBORO RD SE,161
Fulton County,X,Sylvan Hills,Astor Avenue Southwest,1150 ASTOR AVE SW,162
Fulton County,M,Sweet Auburn,Jackson Street Northeast,180 JACKSON ST NE,163
Fulton County,M,Downtown,John Portman Boulevard Northeast,HARRIS ST NE / COURTLAND ST NE,164
Fulton County,E,Brookwood,25th Street Northwest,41 25TH ST NW,165
Fulton County,K,Bankhead,Joseph E. Boone Boulevard Northwest,1155 JOSEPH E BOONE BLVD NW,166
Fulton County,L,English Avenue,Northside Drive Northwest,370 NORTHSIDE DR NW,167
Fulton County,P,Elmco Estates,Creek Valley Court Southwest,4302 CREEK VALLEY CT SW,168
Fulton County,V,Pittsburgh,Roy Street Southwest,376 ROY ST SW,169
Fulton County,M,Downtown,Luckie Street Northwest,100 LUCKIE ST NW,170
Fulton County,E,Atlantic Station,19th Street Northwest,264 19TH ST NW,171
Fulton County,E,Midtown,Peachtree Street Northeast,1338 PEACHTREE ST,172
Fulton County,B,Peachtree Heights East,East Wesley Road,107 E WESLEY RD NE,173
Fulton County,G,West Highlands,McCallie Boulevard Northwest,PERRY BLVD NW / MCCALLIE BLVD NW,174
Clayton County,Unknown,Unknown,North Terminal Parkway,5952 SPINE ROAD,175
Clayton County,Unknown,Unknown,North Terminal Parkway,N DECK @6023 N TERMINAL BYWY DAILY/LEVEL1/ROW 21C,176
Clayton County,Unknown,Unknown,North Terminal Parkway,7700 SPINE ROAD,177
Fulton County,Unknown,Unknown,Unknown,2200 RENTAL CAR CENTER PKWY,178
Fulton County,C,Springlake,Wilson Road Northwest,711 WILSON RD NW,179
Fulton County,R,Southwest,Panther Trail Southwest,3099 PANTER TRL,180
Fulton County,F,Piedmont Heights,Piedmont Avenue Northeast,1616 PIEDMONT AVE NE,181
Fulton County,K,Bankhead,Joseph E. Lowery Boulevard,JOSEPH E LOWERY BLVD NW / DONALD LEE HOLLOWELL PKWY NW,182
Fulton County,H,Adamsville,Martin Luther King Junior Drive Southwest,3599 MARTIN L KING JR DR NW,183
Fulton County,R,Campbellton Road,Alison Court Southwest,1990 ALISON CT SW,184
Fulton County,V,Peoplestown,Fern Avenue Southeast,972 FERN AVE SE,185
Fulton County,Z,Glenrose Heights,Mount Zion Road Southeast,183 MOUNT ZION RD SE,186
Fulton County,I,Beecher Hills,Bollingbrook Drive Southwest,2257 BOLLINGBROOK DR SW @BEECHER HILLS ELEM,187
Fulton County,Z,Browns Mill Park,Old Hapeville Road Southwest,2637 OLD HAPEVILLE RD SW,188
Fulton County,K,Mozley Park,Martin Luther King Jr Drive Southwest,1720 MARTIN L KING JR DR SW,189
Fulton County,F,Morningside/Lenox Park,Cheshire Bridge Road,1865 CHESHIRE BRIDGE RD,190
Fulton County,E,Midtown,14th Street Northeast,222 14TH ST NE,191
Fulton County,F,Morningside/Lenox Park,Courtenay Drive Northeast,875 COURTENAY DR NE,192
Fulton County,E,Midtown,West Peachtree Street Northwest,817 W PEACHTREE ST NE,193
Fulton County,H,Adamsville,Fairburn Road,351 FAIRBURN RD NW,194
Fulton County,R,Campbellton Road,Plaza Lane Southwest,1871 PLAZA LN SW,195
Fulton County,V,Adair Park,Brookline Street Southwest,705 BROOKLINE ST SW,196
Fulton County,W,Custer/McDonough/Guice,Custer Avenue Southeast,1376 HEIGHTS PARK DR SE,197
DeKalb County,W,East Atlanta,Monument Avenue Southeast,483 MONUMENT AVE SE,198
Fulton County,W,Woodland Hills,Shelby Place Southeast,1092 SHELBY PL SE,199
Fulton County,T,West End,Oglethorpe Avenue Southwest,590 CASCADE AVE SW,200
DeKalb County,N,Lake Claire,Palifox Drive Northeast,2148 PALIFOX DR NE,201
Fulton County,I,Florida Heights,Martin Luther King Junior Drive Southwest,2423 MARTIN L KING JR DR NW PEEKS @ MLK,202
Fulton County,X,Sylvan Hills,Perkerson Road Southwest,1990 PERKERSON RD SW,203
Fulton County,D,Hills Park,Carroll Drive Northwest,1677 CARROLL DR NW,204
Fulton County,J,Dixie Hills,Morehouse Drive Northwest,2007 MOREHOUSE DR NW,205
Fulton County,D,Berkeley Park,Northside Drive Northwest,1700 NORTHSIDE DR NW,206
Fulton County,N,Cabbagetown,Estoria Street Southeast,727 WYLIE ST SE,207
Fulton County,P,Unknown,Brooks Drive Southwest,1925 NISKEY LAKE RD SW @BUNCHE MIDDLE,208
Fulton County,E,Midtown,Crescent Avenue Northeast,13TH / CRESENT AVE,209
Fulton County,Y,Chosewood Park,Zephyr Blvd SE,1306 PARK,210
Fulton County,V,Summerhill,Martin Street Southeast,831 MARTIN ST SE,211
Fulton County,E,Midtown,Ponce de Leon Avenue Northeast,265 PONCE DE LEON AVE NE CAMDEN MIDTOWN,212
Fulton County,P,Ben Hill,village Park Lane,3443 VILLAGE PARK LN SW,213
Fulton County,F,Lindridge/Martin Manor,Lenox Road Northeast,2037 LENOX RD NE,214
Fulton County,L,English Avenue,Northside Drive Northwest,364 NORTHSIDE DR NW,215
Fulton County,B,Peachtree Park,Piedmont Road Northeast,3129 PIEDMONT RD NE,216
Fulton County,V,Pittsburgh,University Avenue,I-75-85 NB EXPY SW / UNIVERSITY AVE SW,217
Fulton County,P,Unknown,Campbellton Road,4496 CAMPBELLTON RD,218
Fulton County,V,Peoplestown,Ormond Street Southeast,99 ORMOND ST SE,219
Fulton County,R,Adams Park,Unknown,1717 CENTRA VILLA DR SW,220
Fulton County,B,Pine Hills,Lenox Road,3200 LENOX RD NE,221
Fulton County,I,Collier Heights,Collier Ridge Drive Northwest,503 COLLIER RIDGE DR,222
Fulton County,M,Downtown,Central Avenue Southwest,MARTIN L KING JR DR SW / CENTRAL AVE SW,223
Fulton County,R,Southwest,Landrum Drive Southwest,3041 LANDRUM,224
Fulton County,Z,Orchard Knob,Oak Drive Southeast,443 OAK DR SE,225
Fulton County,J,Center Hill,Donald Lee Hollowell Parkway Northwest,DONALD LEE HOLLOWELL PKWY NW / JAMES JACKSON PKWY NW,226
Fulton County,Z,Browns Mill Park,Macon Drive Southwest,2233 MACON DR SW,227
Fulton County,Z,Lakewood,Bromack Drive Southeast,340 BROMACK DR SE,228
Fulton County,E,Midtown,Monroe Drive Northeast,929 CHARLES ALLEN DR NE @GRADY HIGH,229
Fulton County,R,Southwest,Harbin Road Southwest,1926 HARBIN RD SW,230
Fulton County,D,Blandtown,Ellsworth Industrial Drive Northwest,1530 ELLSWORTH INDUSTRIAL BLVD NW,231
Fulton County,N,Reynoldstown,Walthall Street Northeast,20 WALTHALL ST NE,232
Fulton County,R,Greenbriar,Greenbriar Parkway Southwest,2841 GREENBRIAR PKWY SW,233
Fulton County,T,West End,White Street Southwest,1333 WHITE STREET,234
Fulton County,B,Lindbergh/Morosgo,Abbey Rd NE,2415 CAMELLIA LN NE,235
Fulton County,W,Ormewood Park,Delaware Avenue Southeast,973 DELAWARE AVE SE,236
DeKalb County,O,Kirkwood,Dunwoody Street Northeast,27 KIRKWOOD RD NE,237
Fulton County,Z,Swallow Circle/Baywood,Meador Avenue Southeast,2155 MEADOR AVE SE,238
Fulton County,K,Bankhead,Chappell Road Northwest,425 CHAPPELL RD NW,239
Fulton County,M,Downtown,Venable Street Northwest,381 VENABLE ST NW,240
Fulton County,Y,South Atlanta,Atlanta BeltLine Southside Trail,55 MCDONOUGH BLVD SE,241
Fulton County,M,Downtown,Piedmont Avenue Northeast,214 JOHN WESLEY DOBBS AVE NE,242
Fulton County,M,Downtown,Martin Luther King Junior Drive Southwest,MARTIN L KING JR DR SW / FORSYTH ST SW,243
Fulton County,C,Wyngate,Argonne Drive Northwest,440 ARGONNE DR NW,244
Fulton County,M,Downtown,Pryor Street Southwest,141 PRYOR ST SW,245
Fulton County,R,Campbellton Road,Ivydale Drive Southwest,2617 IVYDALE DR SW,246
Fulton County,S,Venetian Hills,Venetian Drive Southwest,1910 VENETIAN DR SW,247
Fulton County,I,Unknown,Lynn Valley Road Southwest,497 LYNN VALLEY RD SW,248
Fulton County,V,Adair Park,Oakhill Avenue Southwest,917 OAKHILL AVE SW,249
Fulton County,R,Greenbriar,Grass Valley Road Southwest,2975 HEADLAND DR SW,250
Fulton County,I,Peyton Forest,Peyton Road Southwest,PEYTON WOODS TRL SW / PEYTON RD SW,251
Fulton County,S,Cascade Avenue/Road,Westhaven Drive Southwest,1643 WESTHAVEN DR SW,252
Fulton County,F,Lindridge/Martin Manor,Melante Drive Northeast,2325 MELANTE DR NE,253
Fulton County,M,Downtown,Alabama Street Southwest,12 BROAD ST SW CVS,254
Fulton County,M,Downtown,Martin Luther King Junior Drive Southwest,BROAD ST SW / MARTIN L KING JR DR SW,255
Fulton County,E,Midtown,Piedmont Avenue Northeast,1447 PIEDMONT AVE NE,256
Fulton County,E,Atlantic Station,17th Street Northwest,391 17TH ST NW,257
Fulton County,N,Inman Park,Moreland Avenue Northeast,464 MORELAND AVE NE,258
Fulton County,Z,South River Gardens,Jonesboro Road Southeast,JONESBORO RD SE / I-285 EB EXPY SE,259
Fulton County,R,Campbellton Road,Langford Parkway,1991 DELOWE DR SW,260
Fulton County,G,Almond Park,Hollywood Road Northwest,1097 HOLLYWOOD RD,261
Fulton County,B,Peachtree Park,Piedmont Road Northeast,2859 PIEDMONT,262
Fulton County,W,Grant Park,Woodward Avenue Southeast,225 WOODWARD AVE SE,263
Fulton County,T,West End,Oak Street Southwest,850 OAK ST,264
Fulton County,I,Westhaven,Hamilton E Holmes Drive Northwest,101 HAMILTON E HOLMES DR NW,265
Fulton County,N,Poncey-Highland,Ponce de Leon Avenue Northeast,737 PONCE DE LEON AVE NE,266
Fulton County,P,Fairway Acres,Doral Court Southwest,2222 DORAL CT SW,267
Fulton County,F,Morningside/Lenox Park,Hillpine Drive Northeast,650 HILLPINE DR NE,268
DeKalb County,O,Edgewood,Hardee Street Northeast,1225 CAROLINE ST NE,269
Fulton County,I,Unknown,Middleton Road Northwest,2931 MIDDLETON RD NW,270
Fulton County,X,Perkerson,I 85,2685 METROPOLITAN PKWY SW,271
Fulton County,J,West Lake,Tiger Flowers Drive Northwest,TIGER FLOWERS DR NW / WHITAKER CIR NW,272
Fulton County,R,Greenbriar,Hogan Road Southwest,3021 HOGAN RD SW,273
Fulton County,M,Downtown,Kimball Way Southeast,50 UPPER ALABAMA,274
Fulton County,M,Downtown,Peachtree Street Southwest,102 BROAD ST SW,275
Fulton County,V,Peoplestown,Washington Street Southwest,1009 WASHINGTON ST SW,276
Fulton County,Z,Browns Mill Park,McWilliams Road,585 MCWILLIAMS RD SE,277
Fulton County,R,Campbellton Road,Unknown,2132 CAMPBELLTON RD SW,278
Fulton County,R,Campbellton Road,Alison Court Southwest,1941 MYRTLE DR,279
Fulton County,D,Riverside,Bolton Road,2020 BOLTON RD NW,280
Fulton County,E,Marietta Street Artery,Marietta Street,1000 MARIETTA ST NW,281
Fulton County,T,Ashview Heights,Martin Luther King Jr Drive Southwest,45 WHITEHOUSE DR SW,282
Fulton County,P,Elmco Estates,County Line Road Southwest,2176 COUNTY LINE RD SW,283
Fulton County,E,Loring Heights,17th Street Northwest,BISHOP ST NW / 17TH ST NW,284
Fulton County,M,Downtown,Trinity Avenue Southwest,255 TRINITY AVE,285
Fulton County,V,Mechanicsville,Ira Street Southwest,432 IRA ST SW,286
Fulton County,S,Venetian Hills,Campbellton Road Southwest,1355 CAMPBELLTON RD SW,287
Fulton County,I,Collier Heights,West Peek Road Northwest,2798 PEEK RD NW,288
Fulton County,B,Lindbergh/Morosgo,Unknown,2450 CAMELLIA LN NE,289
Fulton County,N,Inman Park,North Highland Avenue Northeast,240 N HIGHLAND AVE NE,290
Fulton County,J,Dixie Hills,Sewanee Avenue Northwest,166 SUWANEE AVENUE NW,291
Fulton County,L,English Avenue,Paines Avenue Northwest,824 DONALD LEE HOLLOWELL PKWY NW,292
Fulton County,E,Midtown,Argonne Avenue Northeast,310 6TH ST NE,293
Fulton County,R,Greenbriar,Continental Colony Parkway Southwest,3000 CONTINENTAL COLONY PKWY SW,294
Fulton County,X,Sylvan Hills,Metropolitan Parkway Southwest,1919 METROPOLITAN PKWY SW,295
Fulton County,Z,Lakewood,Browns Mill Road Southeast,2084 BROWNS MILL RD SE,296
Fulton County,Z,Rosedale Heights,Cleveland Avenue Southeast,445 CLEVELAND AVE SE,297
Fulton County,T,Westview,Linda Way Southwest,1585 LINDA WAY SW,298
Fulton County,M,Downtown,Marietta Street Northwest,190 MARIETTA ST NW,299
Fulton County,J,Grove Park,Sims Avenue Northwest,JOHNSON ROAD NW/ SIMS AVE NW,300
Fulton County,N,Inman Park,Dixie Avenue Northeast,794 DIXIE AVE NE,301
Fulton County,M,Downtown,Peachtree Street,15 PEACHTREE ST SW,302
Fulton County,H,Adamsville,Martin Luther King Junior Drive Southwest,3724 MARTIN L KING JR DR SW,303
Fulton County,X,Sylvan Hills,Melrose Drive Southwest,1733 MELROSE DR. SW,304
Fulton County,V,Peoplestown,Dunning Street Southeast,942 HANK AARON DR,305
Fulton County,N,Cabbagetown,Wylie Street Southeast,739 WYLIE ST SE,306
Fulton County,M,Old Fourth Ward,Pine Street Northeast,LATTA ST NE / PINE ST NE,307
Fulton County,E,Midtown,Ponce de Leon Avenue Northeast,600 PONCE DE LEON AVE NE,308
DeKalb County,O,Edgewood,Vannoy Street Southeast,106 VANNOY ST SE,309
Fulton County,X,Hammond Park,Cleveland Avenue Southwest,2540 FORREST HILL DR,310
Fulton County,V,Pittsburgh,Moton Avenue Southwest,1183 MOTON AVE SW,311
Fulton County,C,Brandon,West Wesley Road,OLD WESLEY PL @ WEST WESLEY,312
Fulton County,X,Sylvan Hills,Cahoon Street Southwest,1787 CAHOON ST SW,313
Fulton County,F,Virginia Highland,Barnett Street Northeast,730 BARNETT ST,314
Fulton County,X,Sylvan Hills,Metropolitan Parkway Southwest,1560 METROPOLITAN PKWY SW,315
Fulton County,R,Campbellton Road,Dodson Drive Southwest,1955 DODSON DR SW,316
Fulton County,T,The Villages at Castleberry H,Greensferry Avenue Southwest,600 GREENSFERRY,317
Fulton County,Z,Polar Rock,Lakewood Avenue Southwest,285 POLAR ROCK RD SW,318
Fulton County,H,Adamsville,Howell Drive Southwest,186 HOWELL DR SW,319
Fulton County,B,Buckhead Forest,West Shadowlawn Avenue Northeast,3232 PEACHTREE RD NE,320
Fulton County,I,Unknown,Martin Luther King Junior Drive Southwest,2001 MARTIN L KING JR DR NW,321
Fulton County,F,Virginia Highland,Ponce de Leon Place Northeast,730 PONCE DE LEON PL NE,322
Fulton County,M,Downtown,Piedmont Avenue Northeast,JOHN WESLEY DOBBS AVE NE / COURTLAND ST NE,323
Fulton County,I,Harland Terrace,Harlan Road Southwest,40 HARLAN RD SW,324
Fulton County,T,Ashview Heights,Beckwith Street Southwest,73 JOSEPH E LOWERY BLVD,325
Fulton County,M,Downtown,Pratt Street Southeast,COCA COLA PL SE / BELL ST SE,326
Fulton County,F,Piedmont Heights,Piedmont Circle Northeast,1944 PIEDMONT CIR NE,327
Fulton County,E,Marietta Street Artery,Marietta Street Northwest,950 MARIETTA ST NW,328
Fulton County,G,Carver Hills,Abner Court Northwest,1689 ABNER CT NW,329
Fulton County,E,Atlantic Station,Atlantic Drive Northwest,1380 ATLANTIC DR NW,330
Fulton County,M,Downtown,Pryor Street Southwest,15 WALL ST SE,331
Fulton County,B,Peachtree Heights West,West Paces Ferry Road Northwest,70 W PACES FERRY RD NW,332
Fulton County,E,Marietta Street Artery,Marietta Street Northwest,935 MARIETTA ST NW,333
Fulton County,V,Pittsburgh,McDaniel Street Southwest,808 MCDANIEL ST SW,334
Fulton County,V,Pittsburgh,Unknown,765 MCDANIEL ST SW,335
Fulton County,P,Unknown,Langford Parkway,3550 CAMPBELLTON RD SW,336
Fulton County,E,Midtown,Piedmont Avenue Northeast,625 PIEDMONT AVE NE,337
Fulton County,C,Cross Creek,Noble Creek Drive Northwest,903 NOBLE CREEK DR NW,338
Fulton County,K,Hunter Hills,Sharon Street Northwest,1380 SHARON ST NW,339
Fulton County,P,Wildwood Forest,Greenleaf Circle Southwest,4326 GREENLEAF CIR SW,340
Fulton County,C,Unknown,Collier Road Northwest,1185 COLLIER RD NW,341
Fulton County,E,Midtown,West Peachtree Street Northwest,W PEACHTREE ST NE / 14TH ST NE,342
Fulton County,S,Cascade Avenue/Road,Kenmore Street Southwest,1595 KENMORE ST SW,343
Fulton County,Z,Orchard Knob,Browns Mill Road,2894 BROWNS MILL RD SE,344
Fulton County,P,Meadowbrook Forest,Cherry Blossom Drive Southwest,2383 CHERRY BLOSSOM DR SW,345
Fulton County,R,Campbellton Road,Myrtle Drive Southwest,1800 MYRTLE DR SW,346
Fulton County,T,Atlanta University Center,Fair Street Southwest,580 FAIR ST.,347
Fulton County,E,Home Park,Howell Mill Road Northwest,HOWELL MILL RD NW / 11TH ST NW,348
Fulton County,F,Virginia Highland,North Highland Avenue Northeast,1190 N HIGHLAND AVE NE,349
DeKalb County,O,Kirkwood,Delano Drive Northeast,2051 DELANO DR NE,350
Fulton County,F,Virginia Highland,St Charles Avenue Northeast,990 SAINT CHARLES AVE NE,351
Fulton County,X,Perkerson,Metropolitan Parkway Southwest,580 CLEVELAND AVE SW AT METROPOLITAN,352
Fulton County,P,Ben Hill,Unknown,3390 FAIRBURN RD SW,353
Fulton County,R,Campbellton Road,Logan Lane Southwest,2328 CAMPBELLTON RD SW,354
DeKalb County,W,East Atlanta,Moreland Avenue Southeast,542 MORELAND AVE SE,355
Fulton County,E,Midtown,5th Street Northeast,86 5TH ST NE,356
Fulton County,M,Downtown,Andrew Young International Boulevard Northeast,60 ANDREW YOUNG INTERNA BLVD NE,357
Fulton County,M,Old Fourth Ward,Glen Iris Drive Northeast,524 GLEN IRIS DR NE,358
Fulton County,Y,Joyland,Thornton Street Southwest,292 THORNTON ST SW,359
Fulton County,T,Atlanta University Center,Parsons Street Southwest,875 PARSONS ST SW,360
Fulton County,E,Midtown,West Peachtree Street Northwest,1422 W PEACHTREE ST NW,361
Fulton County,M,Downtown,Simpson Street Northwest,W PEACHTREE ST NE / SIMPSON ST NW,362
Fulton County,R,Adams Park,Cascade Road,2172 CASCADE RD SW,363
Fulton County,Z,South River Gardens,Hutchens Road Southeast,800 HUTCHENS RD. SE,364
Fulton County,X,Hammond Park,Cleveland Avenue Southwest,2700 GRAND AVE,365
Fulton County,V,Pittsburgh,Ira Street Southwest,1110 IRA ST SW,366
Fulton County,E,Midtown,Atlanta BeltLine Eastside Trail,931 MONROE DR,367
Fulton County,N,Inman Park,North Highland Avenue Northeast,245 N HIGHLAND AVE NE,368
Fulton County,M,Downtown,Peachtree Street Northeast,191 PEACHTREE ST NE,369
Fulton County,N,Reynoldstown,Flat Shoals Avenue Southeast,210 FLAT SHOALS AVE SE,370
Fulton County,D,Blandtown,Ellsworth Industrial Drive Northwest,1320 ELLSWORTH INDUSTRIAL BLVD NW,371
Fulton County,K,Bankhead,Tazor Street Northwest,353 TAZOR ST NW,372
Fulton County,J,Grove Park,Grove Park Place Northwest,17 GROVE PARK PL NW,373
Fulton County,S,Venetian Hills,Cahaba Drive Southwest,1271 CAHABA DR SW,374
Fulton County,P,Princeton Lakes,Camp Creek Parkway,3670 CAMP CREEK PKWY SW,375
Fulton County,Z,Browns Mill Park,Lois Lane Southeast,2650 LOIS LN SE,376
Fulton County,J,Dixie Hills,Fairfield Place Northwest,71 FAIRFIELD PLACE NW,377
Fulton County,J,Grove Park,Edwin Street Northwest,923 EDWIN ST NW,378
Fulton County,H,Fairburn Mays,Fairburn Road Southwest,187 FAIRBURN RD SW,379
Fulton County,F,Lindridge/Martin Manor,Cardova Drive Northeast,903 CARDOVA DR NE,380
Fulton County,B,North Buckhead,Wieuca Road Northeast,3850 WIEUCA RD NE,381
Fulton County,Y,Lakewood Heights,Meador Avenue Southeast,1961 MEADOR AVE SE,382
Fulton County,W,Custer/McDonough/Guice,Pontiac Place Southeast,1614 PONTIAC PL SE,383
Fulton County,M,Downtown,Cone Street Northwest,111 CONE ST NW,384
Fulton County,K,Knight Park/Howell Station,Marietta Boulevard Northwest,1079 MARIETTA BLVD NW,385
Fulton County,X,Sylvan Hills,Sylvan Road,2001 SYLVAN RD,386
Fulton County,E,Unknown,Peachtree Park Drive Northeast,4407 PEACHTREE PARK DR NE,387
Fulton County,Z,Glenrose Heights,Unknown,50 MOUNT ZION RD SE,388
Fulton County,H,Wilson Mill Meadows,Tarragon Way Southwest,402 TARRAGON WAY SW,389
Fulton County,J,Grove Park,Edwin Street Northwest,902 EDWIN ST NW,390
Fulton County,J,Center Hill,Regina Drive Northwest,2621 DONALD LEE HOLLOWELL PKWY NW PIC N PAY,391
Fulton County,F,Virginia Highland,North Highland Avenue Northeast,1040 N HIGHLAND AVE NE,392
Fulton County,Z,Lakewood,McWilliams Road,506 MCWILLIAMS RD SE,393
Fulton County,V,Pittsburgh,Smith Street Southwest,1001 SMITH ST SW,394
Fulton County,K,Washington Park,Harwell Street Northwest,945 HARWELL ST NW,395
Fulton County,X,Hammond Park,Forrest Hills Drive Southwest,2866 FORREST HILLS DR SW,396
Fulton County,X,Hammond Park,Cleveland Avenue Southwest,532 CLEVELAND AVE SW,397
Fulton County,M,Old Fourth Ward,Howell Street Northeast,105 HOWELL ST NE,398
Fulton County,Z,Glenrose Heights,Mount Zion Road Southwest,85 MOUNT ZION RD SW,399
Fulton County,R,Southwest,Tiara Circle Southwest,3298 TIARA CIR SW,400
DeKalb County,O,Edgewood,Hardee Circle Northeast,1572 HARDEE ST NE,401
Fulton County,R,Southwest,Panther Trail Southwest,3099 PANTHER TRL SW,402
Fulton County,B,Pine Hills,Unknown,2572 LENOX RD NE,403
Fulton County,X,Sylvan Hills,Osborne Street Southwest,1092 OSBORNE ST SW,404
DeKalb County,O,Edgewood,La France Street Northeast,250 ARIZONA AVE NE,405
Fulton County,T,West End,Oak Street Southwest,868 OAK ST SW,406
Fulton County,J,Center Hill,Joseph E. Boone Boulevard Northwest,2125 JOSEPH E BOONE BLVD NW,407
Fulton County,M,Old Fourth Ward,Ponce de Leon Avenue Northeast,551 PONCE DE LEON AVE NE,408
Fulton County,D,Berkeley Park,Commerce Drive Northwest,1750 COMMERCE DR NW,409
Fulton County,J,Grove Park,Unknown,1435 DONALD LEE HOLLOWELL PKWY NW,410
Fulton County,R,Southwest,Campbellton Road Southwest,2909 CAMPBELLTON RD SW,411
Fulton County,B,Lenox,Peachtree Road Northeast,3393 PEACHTREE RD,412
Fulton County,M,Old Fourth Ward,Winton Terrace Northeast,528 WINTON TER NE,413
Fulton County,L,Vine City,Martin Luther King Jr Drive Southwest,825 MARTIN L KING JR DR NW,414
Fulton County,P,Ben Hill Terrace,Unknown,2110 SOUTHWOOD LN SW,415
Fulton County,M,Downtown,Peachtree Street Northeast,607 PEACHTREE ST NE,416
Fulton County,T,West End,Lee Street Southwest,717 LEE ST SW,417
Fulton County,E,Midtown,Ponce de Leon Avenue Northeast,116 PONCE DE LEON AVE NE,418
Fulton County,F,Virginia Highland,Kanuga Street Northeast,MONROE DR NE / KANUGA ST NE,419
Fulton County,M,Old Fourth Ward,North Avenue Northeast,695 NORTH AVE NE,420
Fulton County,Z,Rebel Valley Forest,Redford Drive Southeast,979 REDFORD DR SE,421
Fulton County,T,Atlanta University Center,Parsons Street Southwest,889 PARSONS ST SW,422
Fulton County,F,Lindridge/Martin Manor,Cheshire Bridge Road,2165 CHESHIRE BRIDGE RD NE,423
Fulton County,I,Harland Terrace,Martin Luther King Junior Drive Southwest,2524 MARTIN L KING JR DR SW,424
Fulton County,Q,Midwest Cascade,Reunion Place Southwest,1035 REUNION PL SW,425
Fulton County,P,Kings Forest,Unknown,3911 CAMPBELLTON RD SW,426
Fulton County,I,Collier Heights,Dogwood Drive Northwest,101 DOGWOOD DR NW,427
Fulton County,E,Home Park,Techwood Drive Northwest,1132 TECHWOOD DR NW,428
Fulton County,M,Downtown,Luckie Street Northwest,339 MARIETTA ST NW,429
Fulton County,N,Inman Park,Degress Avenue Northeast,192 DEGRESS AVE NE,430
Fulton County,B,Buckhead Village,Pharr Road Northeast,250 PHARR RD NE,431
Fulton County,Z,Lakewood,Jernigan Drive Southeast,2190 JERNIGAN DR SE,432
Fulton County,E,Midtown,Peachtree Street Northeast,855 PEACHTREE ST NE,433
Fulton County,X,Hammond Park,Grand Avenue Southwest,3040 GRAND AVE SW,434
Fulton County,E,Midtown,Cypress Street Northeast,700 CYPRESS ST NE,435
Fulton County,E,Marietta Street Artery,Marietta Street Northwest,788 MARIETTA ST NW,436
Fulton County,M,Downtown,Piedmont Avenue Northeast,17 COURTLAND ST NE,437
Fulton County,T,Ashview Heights,Ashby Grove Southwest,987 ASHBY GRV SW,438
Clayton County,Unknown,Unknown,South Terminal Parkway,S TERM @6000 S TERMINAL PKWY,439
Fulton County,Unknown,Unknown,Unknown,NATIONAL S DECK @2250 RENTAL CAR CENTER PKWY,440
Fulton County,G,Carey Park,St James Drive Northwest,SAINT JAMES AVE NW / 1ST ST NW,441
Fulton County,K,Mozley Park,Martin Luther King Jr Drive Southwest,1673 MARTIN L KING JR DR NW,442
Fulton County,J,Grove Park,Lanier Street Northwest,1575 JOSEPH E BOONE BLVD NW,443
Fulton County,M,Downtown,Luckie Street Northwest,100 LUCKIE ST NW / CONE ST NW,444
Fulton County,R,Adams Park,Logan Lane Southwest,2315 CAMPBELLTON RD SW,445
Fulton County,T,Ashview Heights,Westview Drive Southwest,1187 WESTVIEW DR SW,446
Fulton County,V,Pittsburgh,McDaniel Street Southwest,1029 MCDANIEL ST SW,447
Fulton County,M,Downtown,Andrew Young International Boulevard Northeast,191 PEACHTREE CENTER AVE NE,448
Fulton County,W,Grant Park,Grant Street Southeast,559 GRANT ST SE,449
Fulton County,H,Wildwood (NPU-H),Wildwood Park Th,405 FAIRBURN RD SW,450
Fulton County,Z,Orchard Knob,Belgarde Place Southeast,367 BELGARDE PL SE,451
Fulton County,S,Oakland City,Oakland Lane Southwest,1135 OAKLAND LN SW,452
Fulton County,H,Old Gordon,Martin Luther King Junior Drive Southwest,3781 MARTIN L KING JR DR SW,453
Fulton County,S,Oakland City,Montreat Avenue Southwest,1108 MONTREAT AVE.,454
Fulton County,V,Pittsburgh,McDaniel Street Southwest,1133 MCDANIEL ST SW,455
DeKalb County,W,East Atlanta,Eastland Road Southeast,1668 EASTLAND RD SE,456
Fulton County,Z,Swallow Circle/Baywood,Macon Drive Southwest,2300 MACON DR SW,457
Fulton County,Y,Chosewood Park,McDonough Boulevard Southeast,MCDONOUGH BLVD SE / PARK AVE SE,458
Fulton County,J,Grove Park,Markone Street Northwest,1880 MARKONE STREET NW,459
Fulton County,B,Buckhead Heights,Kingsboro Road Northeast,3460 KINGSBORO ROAD,460
Fulton County,K,Bankhead,North Avenue Northwest,1298 NORTH AVE NW,461
Fulton County,X,Sylvan Hills,Sylvan Road,2001 SYLVAN RD SW,462
Fulton County,W,Grant Park,Oakland Avenue Southeast,394 OAKLAND AVE SE,463
Fulton County,Y,High Point,Bowen Circle Southwest,1039 HIGH POINT TER SW,464
Fulton County,F,Lindridge/Martin Manor,Faulkner Road Northeast,2138 FAULKNER RD NE,465
Fulton County,T,Westview,Muse Street Southwest,510 MUSE ST SW,466
Fulton County,S,Oakland City,Lawton Avenue Southwest,1057 LAWTON AVE SW,467
Fulton County,B,Buckhead Heights,Lakeside Drive Northeast,3460 KINGSBORO ROAD,468
Fulton County,N,Poncey-Highland,Barnett Street Northeast,656 PARK VILLAGE DR NE,469
Fulton County,X,Perkerson,Springdale Road Southwest,2141 SPRINGDALE RD SW,470
Fulton County,C,Unknown,Coronet Way Northwest,2283 CORONET WAY NW,471
Fulton County,W,Ormewood Park,Ormewood Terrace Southeast,913 ORMEWOOD TER SE,472
Fulton County,E,Ansley Park,South Prado Northeast,46 S PRADO NE,473
Fulton County,T,Westview,East Ontario Avenue Southwest,1562 RALPH D ABERNATHY BLVD SW,474
Fulton County,D,Berkeley Park,Green Street Northwest,655 GREEN ST,475
Fulton County,W,Ormewood Park,Woodland Avenue Southeast,953 WOODLAND AVE SE,476
Fulton County,D,Bolton,Bolton Place Northwest,2229 DOLTON DR,477
Fulton County,K,Hunter Hills,Stafford Street Northwest,55 STAFFORD STREET NW,478
DeKalb County,O,Edgewood,Unknown,1572 HARDEE ST NE,479
Fulton County,D,Berkeley Park,Howell Mill Road Northwest,1715 HOWELL MILL RD.,480
Fulton County,D,Bolton,Liberty Parkway Northwest,1324 LIBERTY PKWY NW,481
Fulton County,Z,South River Gardens,Hendon Road Southeast,1099 HENDON RD SE,482
Fulton County,P,Ben Hill Terrace,Southwood Circle Southwest,4035 SOUTHWOOD CIR SW,483
Fulton County,J,Center Hill,Ryne Street Northwest,2528 RYNE ST NW,484
Fulton County,I,Collier Heights,Harwell Place Northwest,207 HARWELL PL NW,485
Fulton County,J,West Lake,West Lake Court Northwest,1665 WESTLAKE COURT NW,486
DeKalb County,O,The Villages at East Lake,Lakeside Village Drive,1105 LAKESIDE VILLAGE DRIVE SE,487
Fulton County,Z,Glenrose Heights,Alyson Court,177 ALYSON CT SE,488
Fulton County,M,Downtown,Alabama Street Southwest,12 BROAD ST SW,489
Fulton County,H,Fairburn Heights,Bolton Road Northwest,645 BOLTON RD NW,490
DeKalb County,O,Kirkwood,Clay Street Southeast,97 CLAY ST SE,491
Fulton County,S,Oakland City,Unknown,1305 OAKLAND DR SW @OAKLAND CITY PARK,492
Fulton County,F,Virginia Highland,Virginia Circle Northeast,815 VIRGINIA CIRLCE,493
Fulton County,E,Midtown,West Peachtree Street Northwest,950 W PEACHTREE ST NW,494
Fulton County,D,Hills Park,Chattahoochee Avenue Northwest,1422 CHATTAHOOCEE AVE,495
Fulton County,J,Dixie Hills,Tiger Flowers Drive Northwest,2053 TIGER FLOWERS,496
Fulton County,W,Grant Park,Memorial Drive Southeast,437 MEMORIAL DR SE,497
Fulton County,J,Center Hill,Donald Lee Hollowell Parkway Northwest,2596 DONALD LEE HOLLOWELL PKWY NW,498
Fulton County,E,Midtown,Piedmont Avenue Northeast,PIEDMONT AVE NE / 10TH ST NE,499
Fulton County,C,Unknown,Bolton Road,2325 MARIETTA BLVD NW,500
Fulton County,J,Grove Park,Donald Lee Hollowell Parkway Northwest,1700 DONALD LEE HOLLOWELL PKWY NW,501
Fulton County,M,Downtown,West Peachtree Place Northwest,WILLIAMS ST NW / W PEACHTREE PL NW,502
Fulton County,M,Downtown,Gilmer Street Southeast,BROAD ST NW / WALTON ST NW,503
Fulton County,T,West End,Joseph E. Lowery Boulevard,766 JOSEPH E LOWERY BLVD SW,504
DeKalb County,F,Virginia Highland,Rosedale Road Northeast,915 ROSEDALE RD NE,505
Fulton County,E,Midtown,Metropolis Alley,943 PEACHTREE ST NE,506
Fulton County,E,Midtown,Monroe Drive Northeast,500 10TH ST,507
Fulton County,M,Downtown,Peachtree Street Southwest,54 PEACHTREE ST SW,508
Fulton County,E,Unknown,10th Street Northeast,500 10TH ST NE,509
Fulton County,W,Custer/McDonough/Guice,Fisher Road Southeast,1940 FISHER RD SE,510
Fulton County,W,Grant Park,Grant Cove Place Southeast,970 GRANT COVE PL SE,511
Fulton County,Z,Blair Villa/Poole Creek,Ruby H Harper Boulevard,3781 SOUTHSIDE INDUSTRIAL CT SE,512
DeKalb County,O,Kirkwood,Wyman Street Northeast,43 WYMAN ST NE,513
Fulton County,B,North Buckhead,Valley Brook Drive Northeast,388 VALLEY BROOK DR,514
Fulton County,P,Tampa Park,Tampa Trail Southwest,3652 TAMPA TRL SW,515
Fulton County,N,Inman Park,Austin Avenue Northeast,1031 AUSTIN AVE NE,516
Fulton County,W,Ormewood Park,Woodland Avenue Southeast,737 WOODLAND AVE SE,517
Fulton County,R,Unknown,Marcell Avenue Southwest,1703 STANTON RD SW,518
Fulton County,L,English Avenue,Paines Avenue Northwest,556 PAINES AVE NW,519
Fulton County,J,Grove Park,Arlington Circle Northwest,2026 ARLINGTON CIR NW,520
Fulton County,P,Princeton Lakes,Princeton Lakes Parkway,3833 PRINCETON LAKES CT.,521
Fulton County,T,West End,Peeples Street Southwest,524 PEEPLES ST SW,522
Fulton County,T,Harris Chiles,Cunningham Place Southwest,965 CUNNINGHAM PL. SW,523
Fulton County,R,Unknown,Stanton Street,1631 STANTON RD SW,524
Fulton County,Y,Joyland,Thornton Street Southwest,214 THORNTON ST SW,525
Fulton County,R,Adams Park,Venetian Drive Southwest,2198 VENETIAN DR SW,526
Fulton County,Y,Lakewood Heights,Gould Street Southeast,31 GOULD ST SE,527
Fulton County,M,Old Fourth Ward,Ralph McGill Boulevard Northeast,794 RALPH MCGILL BLVD NE,528
Fulton County,G,Carver Hills,Abner Place Northwest,2455 ABNER PL NW,529
Fulton County,M,Old Fourth Ward,North Avenue Northeast,386 NORTH AVE NE,530
Fulton County,Z,Lakewood,Harper Road Southeast,501 HARPER RD SE,531
Fulton County,I,Collier Heights,Kings Grant Drive Northwest,2784 DONALD LEE HOLLOWELL PKWY NW,532
Fulton County,L,Vine City,Sunset Avenue Northwest,219 SUNSET AVE NW,533
Fulton County,M,Downtown,Pryor Street Southwest,GARNETT ST SW / PRYOR ST SW,534
Fulton County,E,Ansley Park,Beverly Road Northeast,112 BEVERLY RD NE,535
Fulton County,M,Sweet Auburn,Fort Street Northeast,89 FORT ST NE,536
Fulton County,Z,Thomasville Heights,Phillips Drive Southeast,1989 PHILLIPS DR SE,537
DeKalb County,W,East Atlanta,Moreland Avenue Southeast,1130 MORELAND AVE SE,538
Fulton County,G,Carey Park,6th Street Northwest,2588 ETHRIDGE DR,539
Fulton County,P,Ben Hill Forest,Hogan Road Southwest,3437 HOGAN RD SW,540
Fulton County,M,Downtown,Luckie Street Northwest,388 LUCKIE ST NW,541
Fulton County,B,Peachtree Park,Piedmont Road Northeast,2799 PIEDMONT RD NE,542
Fulton County,E,Loring Heights,Northside Circle Northwest,500 NORTHSIDE CIRCLE,543
Fulton County,Y,The Villages at Carver,Moury Avenue Southwest,177 MOURY AVE SW,544
Fulton County,N,Candler Park,Moreland Avenue Northeast,421 MORELAND AVE NE,545
Fulton County,V,Mechanicsville,Glenn Street Southwest,555 MCDANIEL ST SW,546
Fulton County,R,Southwest,Willis Mill Road Southwest,1675 WILLIS MILL RD SW,547
Fulton County,M,Downtown,Walton Street Northwest,84 WALTON ST,548
Fulton County,R,Unknown,Campbellton Road Southwest,1870 CAMPBELLTON RD SW,549
Fulton County,K,Washington Park,Washington Heights Terrace Northwest,1014 WASHINGTON HEIGHTS TER NW,550
DeKalb County,Unknown,Unknown,Memorial Drive Southeast,MEMORIAL DR SE / WARREN ST SE,551
Fulton County,F,Piedmont Heights,Monroe Drive Northeast,1579 MONROE DR NE,552
Fulton County,D,Blandtown,Marietta Boulevard Northwest,1257 MARIETTA BLVD NW,553
Fulton County,X,Perkerson,Connell Avenue Southwest,501 CONNELL AVE SW,554
Fulton County,H,Adamsville,Fairburn Road Southwest,61 FAIRBURN RD SW,555
Fulton County,M,Downtown,Pryor Street,185 CENTRAL AVE SW,556
Fulton County,Y,South Atlanta,McDonough Boulevard Southeast,243 MCDONOUGH BLVD. SW,557
Fulton County,F,Piedmont Heights,Piedmont Avenue Northeast,1856 PIEDMONT AVE NE,558
DeKalb County,W,East Atlanta,Mary Dell Drive Southeast,1820 MARY DELL DR SE SOUTH METRO SCHOOL,559
DeKalb County,O,Kirkwood,1st Avenue Northeast,2235 1ST AVE NE,560
Fulton County,F,Morningside/Lenox Park,Merton Road Northeast,1661 MERTON RD NE,561
Fulton County,J,Grove Park,Nekoma Street Northwest,1659 NEKOMA ST NW,562
DeKalb County,W,East Atlanta,Mary Dell Drive Southeast,1820 MARY DELL DR SE,563
Fulton County,R,Campbellton Road,Bent Creek Way Southwest,1994 BENT CREEK WAY SW,564
Fulton County,Z,Browns Mill Park,Preston View Court,2557 PRESTON VIEW CT SW,565
Fulton County,Y,Lakewood Heights,Adair Avenue Southeast,78 ADAIR AVE SE,566
Fulton County,R,Southwest,Panther Trail Southwest,3099 PANTHER TRL SW @THERRELL HIGH,567
Fulton County,M,Downtown,Ellis Street Northeast,21 ELLIS ST NE,568
Fulton County,S,Cascade Avenue/Road,Kenmore Street Southwest,1690 KENMORE ST SW,569
Fulton County,B,Lindbergh/Morosgo,Morosgo Drive Northeast,2525 PIEDMONT RD NE,570
Fulton County,L,English Avenue,Oliver Street Northwest,537 OLIVER ST NW,571
Fulton County,V,Peoplestown,Hank Aaron Drive Southwest,875 HANK AARON DR SW,572
Fulton County,H,Adamsville,Howell Terrace Southwest,272 HOWELL TER SW,573
Fulton County,B,Lindbergh/Morosgo,Lindbergh Place Northeast,509 LINDBERGH PL NE,574
Fulton County,N,Poncey-Highland,Ponce de Leon Avenue Northeast,1001 PONCE DE LEON AVE NE,575
Fulton County,M,Castleberry Hill,Trinity Avenue Southwest,SPRING ST SW / TRINITY AVE SW,576
Fulton County,N,Inman Park,Euclid Avenue Northeast,1133 EUCLID AVE NE,577
Fulton County,B,North Buckhead,Peachtree Road Northeast,3500 PEACHTREE ROAD,578
Fulton County,M,Sweet Auburn,Jackson Street Northeast,180 JACKSON,579
Fulton County,E,Midtown,Piedmont Avenue Northeast,12TH ST NE / PIEDMONT AVE NE,580
Fulton County,Y,Lakewood Heights,Lakewood Avenue Southeast,1696 LAKEWOOD AVE SE,581
Fulton County,E,Marietta Street Artery,Marietta Street Northwest,935 MARIETTA STREET SW,582
Fulton County,Y,South Atlanta,Jonesboro Road Southeast,1440 JONESBORO RD SE,583
Fulton County,X,Perkerson,Cleveland Avenue Southwest,411 CLEVELAND AVE SW,584
Fulton County,G,Bolton Hills,Browntown Road Northwest,2838 BROWNTOWN RD NW,585
Fulton County,Y,Joyland,Arthur Langford Junior Place SW,1519 PRYOR RD SW,586
Fulton County,R,Campbellton Road,Alison Court Southwest,1975 ALISON CT SW,587
Fulton County,B,North Buckhead,Peachtree Road,3280 PEACHTREE ROAD,588
Fulton County,K,Hunter Hills,Chappell Road Northwest,162 CHAPPELL RD NW,589
Fulton County,M,Downtown,Mitchell Street Southwest,198 MITCHELL ST SW,590
Fulton County,M,Downtown,Auburn Avenue Northeast,AUBURN AVE NE / PIEDMONT AVE NE,591
Fulton County,M,Downtown,Jesse Hill Junior Drive Southeast,JESSE HILL JR DR/IRWIN ST,592
Fulton County,X,Capitol View Manor,Deckner Avenue Southwest,472 DECKNER AVE SW,593
Fulton County,M,Downtown,Luckie Street Northwest,LUCKIE ST NW / CONE ST NW,594
Fulton County,E,Midtown,West Peachtree Street Northwest,1270 W PEACHTREE ST NW,595
Fulton County,R,Southwest,Campbellton Road Southwest,2900 CAMPBELLTON RD SW,596
Fulton County,K,Washington Park,Joseph E. Boone Boulevard Northwest,JOSEPH E LOWERY BLVD NW / JOSEPH E BOONE BLVD NW,597
Fulton County,E,Midtown,10th Street Northeast,132 10TH ST NE,598
Fulton County,E,Loring Heights,Northside Circle Northwest,499 NORTHSIDE CIR NW,599
Fulton County,T,The Villages at Castleberry H,Greensferry Avenue Southwest,565 GREENSFERRY AVE SW,600
Fulton County,T,West End,Queen Street Southwest,652 QUEEN ST SW,601
Fulton County,E,Midtown,Piedmont Avenue Northeast,PIEDMONT AVE NE / 12TH ST NE,602
Fulton County,Unknown,Unknown,North Terminal Parkway,N ECON @6011 N TERMINAL BYWY ROW 19A,603
Fulton County,P,Princeton Lakes,Princeton Lakes Parkway,3755 CARMIA DRIVE,604
Fulton County,E,Unknown,Brookwood Valley Circle Northeast,2479 PEACHTREE RD NE,605
Fulton County,V,Peoplestown,Pryor Street,1192 PRYOR,606
Fulton County,S,Oakland City,Lawton Avenue Southwest,1034 LAWTON AVE SW,607
Fulton County,J,Center Hill,Donald Lee Hollowell Parkway Northwest,2521 DONALD LEE HOLLOWELL PKWY NW,608
Fulton County,I,Unknown,Harwell Road Northwest,62 HARWELL RD NW,609
Fulton County,B,Lenox,Peachtree Road Northeast,3393 PEACHTREE RD NE STE 1003,610
Fulton County,L,English Avenue,English Avenue Northwest,545 ENGLISH AVE NW,611
Fulton County,M,Old Fourth Ward,Irwin Street Northeast,529 IRWIN ST NE,612
Fulton County,R,Campbellton Road,Delowe Drive Southwest,1991 DELOWE DR SW,613
Fulton County,E,Midtown,Crescent Avenue Northeast,CRESCENT AVE NE / 12TH ST NE,614
Fulton County,S,Venetian Hills,Aniwaka Avenue Southwest,1367 ANIWAKA AVE SW,615
Fulton County,H,Adamsville,Unknown,195 FAIRBURN NW,616
Fulton County,I,Unknown,Harwell Road Northwest,120 HARWELL RD NW,617
Fulton County,F,Virginia Highland,Monroe Drive Northeast,MONROE DR NE / KANUGA ST NE,618
Fulton County,Y,Lakewood Heights,Compton Drive Southeast,1955 COMPTON DR SE,619
Fulton County,B,East Chastain Park,Roswell Road,3850 ROSWELL RD,620
Fulton County,E,Atlantic Station,17 1/2 Street,1371 MARKET ST NW,621
Fulton County,B,North Buckhead,Peachtree Road,3368 PEACHTREE RD NE,622
Fulton County,G,Carver Hills,Abner Court Northwest,1705 ABNER CT NW,623
Fulton County,I,Collier Heights,West Peek Road Northwest,3062 W PEEK RD NW,624
Fulton County,M,Downtown,Gilmer Street Southeast,2 PARK PL SE,625
Fulton County,B,Peachtree Hills,Peachtree Road,2391 PEACHTREE RD NE,626
Fulton County,E,Midtown,Peachtree Street Northeast,PEACHTREE ST NE / 6TH ST NE,627
Fulton County,M,Old Fourth Ward,Highland Avenue Northeast,701 HIGHLAND AVE NE,628
Fulton County,K,Bankhead,Cairo Street Northwest,386 CAIRO ST,629
Fulton County,L,English Avenue,Vine Street Northwest,438 VINE ST NW,630
Fulton County,B,North Buckhead,Piedmont Road Northeast,3365 PIEDMONT RD NE,631
Fulton County,C,Unknown,Peachtree Road Northeast,2140 PEACHTREE RD NW,632
Fulton County,M,Old Fourth Ward,North Avenue Northeast,215 NORTH AVE NE @SAVANNAH MIDTOWN,633
Fulton County,G,Carey Park,Etheridge Drive Northwest,2555 ETHERIDGE DR NW,634
Fulton County,C,Unknown,Defoors Ferry Road Northwest,2065 DEFOORS FERRY RD NW,635
Fulton County,T,Harris Chiles,Sells Avenue Southwest,920 SELLS AVE,636
Fulton County,E,Home Park,Brady Avenue Northwest,1008 BRADY AVE,637
Fulton County,L,Vine City,James P Brawley Drive Northwest,145 JAMES P BRAWLEY BLVD,638
Fulton County,Z,Blair Villa/Poole Creek,Cologne Drive Southeast,434 COLOGNE DR SE,639
Fulton County,E,Home Park,Barnes Street Northwest,1264 BARNES ST NW,640
Fulton County,D,Blandtown,Marietta Boulevard Northwest,1335 MARIETTA BLVD NW,641
Fulton County,E,Midtown,Spring Street Northwest,SPRING ST NW / 3RD ST NW,642
Fulton County,L,English Avenue,West Marietta Street Northwest,820 W MARIETTA ST NW,643
Fulton County,E,Unknown,Ottley Drive Northeast,195 OTTLEY DR NE,644
Fulton County,Y,Joyland,Taft Street Southwest,226 TAFT ST SW,645
Fulton County,R,Southwest,Mount Gilead Road Southwest,3350 MOUNT GILEAD RD SW,646
Fulton County,I,Collier Heights,Linkwood Road Northwest,194 LINKWOOD RD NW,647
Fulton County,T,West End,Beecher Street Southwest,898 BEECHER ST SW,648
Fulton County,D,Underwood Hills,Ridgeway Avenue Northwest,1785 RIDGEWAY AVE,649
Fulton County,R,Adams Park,Campbellton Road Southwest,2129 CAMPBELLTON RD SW,650
Fulton County,T,Atlanta University Center,Beckwith Street Southwest,897 BECKWITH ST,651
Fulton County,Z,Browns Mill Park,Lydia Drive Southeast,307 LYDIA DR,652
Fulton County,X,Hammond Park,Springdale Road Southwest,2891 SPRINGDALE RD SW,653
DeKalb County,O,Edgewood,Whitefoord Avenue Southeast,187 WHITEFOORD AVE SE,654
Fulton County,W,Grant Park,McDonald Street Southeast,701 MCDONALD ST SE,655
Fulton County,E,Unknown,Peachtree Park Drive Northeast,1908 PEACHTREE PARK DR NE,656
Fulton County,K,Knight Park/Howell Station,Jefferson Street Northwest,939 JEFFERSON ST NW,657
Fulton County,M,Sweet Auburn,Boulevard Southeast,49 BOULEVARD SE,658
Fulton County,J,Dixie Hills,Carver Drive Northwest,2296 CARVER DR NW,659
Fulton County,E,Midtown,Peachtree Street,1660 PEACHTREE ST. NW.,660
Fulton County,M,Downtown,Marietta Street Northwest,454 MARIETTA ST NW,661
Fulton County,J,Penelope Neighbors,Ralph David Abernathy Freeway,I-20 WB EXPY NW & MARTIN L KING JR DR NW,662
Fulton County,E,Midtown,Ponce de Leon Avenue Northeast,659 PEACHTREE ST NE,663
DeKalb County,O,Kirkwood,Howard Street Northeast,172 HOWARD ST NE,664
Fulton County,M,Sweet Auburn,Irwin Street Northeast,371 IRWIN ST NE,665
Fulton County,B,Brookhaven,Peachtree Road,3648 PEACHTREE RD NE,666
Fulton County,F,Morningside/Lenox Park,Piedmont Road Northeast,2115 PIEDMONT RD NE,667
Fulton County,Q,Midwest Cascade,Hamden Forest Trail Southwest,120 HAMDEN FOREST TRL SW,668
Fulton County,M,Downtown,Williams Street Northwest,150 CARNEGIE WAY NW,669
Fulton County,S,Venetian Hills,Westmont Road Southwest,1360 WESTMONT RD SW,670
Fulton County,S,Oakland City,Oakland Drive Southwest,1240 OAKLAND DR SW,671
Fulton County,P,Princeton Lakes,Princeton Lakes Parkway,3780 PRINCETON LAKES PKWY SW,672
Fulton County,X,Sylvan Hills,Metropolitan Parkway Southwest,1560 METROPOLITAN PKWY SW @ATLANTA AREA TECH S,673
Fulton County,G,Brookview Heights,Donald Lee Hollowell Parkway Northwest,2877 DONALD LEE HOLLOWELL PKWY. NW,674
Fulton County,H,Adamsville,Thompson Drive Northwest,3510 THOMPSON DR NW,675
Fulton County,H,Carroll Heights,Adkins Road Northwest,3670 ADKINS RD NW,676
Fulton County,E,Midtown,Charles Allen Drive Northeast,964 CHARLES ALLEN DR. NE.,677
Fulton County,V,Mechanicsville,Fulton Street Southwest,520 FULTON ST SW,678
Fulton County,B,Lenox,Prichard Way Northeast,3535 PEACHTREE RD NE,679
Fulton County,P,Briar Glen,Barge Road Southwest,2116 BARGE RD SW,680
Fulton County,T,Westview,Wellington Street Southwest,366 WELLINGTON ST SW,681
Fulton County,F,Lindridge/Martin Manor,Cheshire Bridge Road,2124 CHESHIRE BRIDGE RD NE,682
Fulton County,G,Carey Park,4th Street Northwest,1107 4TH ST NW,683
Fulton County,H,Fairburn Mays,Fairburn Road Southwest,415 FAIRBURN RD SW,684
Fulton County,M,Old Fourth Ward,Daniel Street Southeast,513 EDGEWOOD AVE SE,685
Fulton County,R,Fort Valley,Alison Court Southwest,1935 ALISON CT SW,686
Fulton County,L,Vine City,Spencer Street Northwest,892 SPENCER,687
Fulton County,M,Downtown,Peachtree Center Avenue Northeast,PEACHTREE CENTER AVE NE / ELLIS ST NE,688
Fulton County,M,Downtown,Peachtree Center Avenue Northeast,207 PEACHTREE CENTER AVE NE,689
Fulton County,M,Downtown,Martin Luther King Junior Drive Southwest,75 MARTIN L KING JR DR SW,690
Fulton County,G,Scotts Crossing,Hollywood Road Northwest,1614 HOLLYWOOD RD NW,691
Fulton County,E,Midtown,12th Street Northeast,177 12TH ST,692
Fulton County,E,Brookwood,25th Street Northwest,1708 PEACHTREE ST NW,693
Fulton County,N,Reynoldstown,Fulton Terrace Southeast,844 FULTON TER SE,694
Fulton County,B,Garden Hills,Piedmont Road Northeast,3004 PIEDMONT RD NE,695
Fulton County,I,Green Forest Acres,Benjamin E Mays Drive Southwest,3116 BENJAMIN E MAYS DR SW,696
Fulton County,F,Morningside/Lenox Park,Wellbourne Drive Northeast,1990 WELLBOURNE DR NE,697
Fulton County,H,Old Gordon,Martin Luther King Junior Drive Southwest,3804 MARTIN L KING JR DR NW,698
Fulton County,M,Downtown,Downtown Connector,80 JESSE HILL JR DR SE @GRADY,699
DeKalb County,O,Kirkwood,Murray Hill Avenue Northeast,184 MURRAY HILL AVE NE,700
Fulton County,I,Collier Heights,Collier Drive Northwest,2573 COLLIER RD,701
Fulton County,E,Midtown,4th Street Northeast,W PEACHTREE ST NW / 4TH ST NW,702
Fulton County,R,Southwest,Unknown,2909 CAMPBELLTON RD SW,703
Fulton County,E,Midtown,Atlanta BeltLine Eastside Trail,931 MONROE DR NE,704
Fulton County,E,Brookwood,Golden Gate Drive Northwest,147 26TH ST NW,705
Clayton County,Unknown,Unknown,North Terminal Parkway,N DECK @6023 N TERMINAL BYWY EXIT,706
Fulton County,Unknown,Unknown,North Terminal Parkway,6011 N. TERMINAL PKWY,707
Fulton County,K,Mozley Park,Martin Luther King Jr Drive Southwest,1575 MARTIN LUTHER KING DRIVE,708
Fulton County,P,Princeton Lakes,Abbey Drive,3106 ABBEY DR SW,709
Fulton County,T,Harris Chiles,Sells Avenue Southwest,1030 SELLS AVE,710
Fulton County,N,Poncey-Highland,Somerset Terrace Northeast,765 NORTH AVE NE,711
Fulton County,G,Carver Hills,Abner Place Northwest,2254 ABNER PL NW,712
Fulton County,T,Harris Chiles,Peeples Street Southwest,CUNNINGHAM PL SW / PEEPLES ST SW,713
Fulton County,N,Reynoldstown,Stovall Street Southeast,162 FLAT SHOALS AVE SE,714
Fulton County,E,Midtown,Piedmont Avenue Northeast,705 PIEDMONT AVE NE,715
Fulton County,Z,South River Gardens,Old Conley Road Southeast,1043 CONLEY RD SE,716
Fulton County,B,Buckhead Village,Piedmont Road Northeast,3112 PIEDMONT RD NE,717
Fulton County,T,Ashview Heights,Palmetto Avenue Southwest,105 JOSEPH E LOWERY BLVD SW,718
Fulton County,V,Mechanicsville,Ira Street Southwest,367 ILLINOIS,719
Fulton County,M,Castleberry Hill,Markham Street Southwest,445 MARKHAM ST SW,720
Fulton County,E,Midtown,Crescent Avenue Northeast,1170 CRESCENT AVE NE,721
Fulton County,M,Downtown,Mitchell Street Southwest,PEACHTREE ST SW / MITCHELL ST SW,722
Fulton County,B,Peachtree Heights West,Peachtree Road,3050 PEACHTREE RD,723
Fulton County,J,Unknown,Elbridge Drive Northwest,669 ELBRIDGE DR NW,724
Fulton County,T,Atlanta University Center,Larkin Street Southwest,15 JAMES P BRAWLEY DR SW,725
Fulton County,B,Brookhaven,Angelo Court Northeast,1010 ANGELO CT NE,726
Fulton County,L,Vine City,Chestnut Place Northwest,789 CHESTNUT PL,727
Fulton County,V,Summerhill,Grant Terrace Southeast,801 GRANT TER SE,728
Fulton County,I,Harland Terrace,Martin Luther King Junior Drive Southwest,2516 MARTIN L KING JR DR SW,729
Fulton County,M,Castleberry Hill,Peters Street Southwest,222 PETERS ST SW,730
Fulton County,T,West End,Evans Street Southwest,RALPH D ABERNATHY BLVD SW / EVANS ST SW,731
Fulton County,M,Castleberry Hill,Nelson Street Southwest,326 NELSON ST,732
Fulton County,M,Downtown,Luckie Street Northwest,100 LUCKIE ST.,733
Fulton County,X,Perkerson,Milam Avenue Southwest,569 MILAM AVE SW,734
Fulton County,M,Downtown,Andrew Young International Boulevard,127 ANDREW YOUNG INTERNA BLVD NW,735
Fulton County,X,Sylvan Hills,Melrose Drive Southwest,1567 MELROSE DR SW,736
Fulton County,H,Bakers Ferry,Clement Drive Southwest,4518 CLEMENT DR SW,737
Fulton County,V,Pittsburgh,University Avenue,523 UNIVERSITY AVE SW,738
DeKalb County,O,The Villages at East Lake,Greenhaven Drive Southeast,337 GREENHAVEN DRIVE SE,739
Fulton County,Y,South Atlanta,Harriet Street Southeast,180 HARRIETT ST SE,740
Fulton County,J,Center Hill,Unknown,2125 JOSEPH E BOONE,741
Fulton County,M,Downtown,Forsyth Street Southwest,FORSYTH ST SW / ALABAMA ST SW,742
Fulton County,E,Midtown,Peachtree Street Northeast,6TH ST NE / PEACHTREE ST NE,743
Fulton County,L,English Avenue,Sunset Avenue Northwest,407 SUNSET AVE NW,744
Fulton County,I,Collier Heights,West Peek Road Northwest,3021 W PEEK RD NW,745
Fulton County,B,Buckhead Heights,East Paces Ferry Road Northeast,960 EAST PACES FERRY ROAD,746
Fulton County,W,Custer/McDonough/Guice,McDonough Boulevard Southeast,1940 FISHER RD SE,747
Fulton County,W,Grant Park,Boulevard Southeast,371 BOULEVARD SE,748
Fulton County,Z,Thomasville Heights,Thomasville Boulevard Southeast,440 THOMASVILLE BLVD SE,749
Fulton County,B,Buckhead Heights,East Paces Ferry Road Northeast,E PACES FERRY RD NE / OAK VALLEY RD NE,750
Fulton County,M,Downtown,Luckie Street Northwest,133 LUCKIE ST NW,751
Fulton County,F,Virginia Highland,Virginia Avenue Northeast,VIRGINIA AVE NE / VANCE AVE NE,752
Fulton County,B,Buckhead Forest,Peachtree Road,3242 PEACHTREE RD NE,753
Fulton County,F,Morningside/Lenox Park,Piedmont Avenue Northeast,1895 PIEDMONT AVE NE,754
Fulton County,M,Downtown,Auburn Avenue Northeast,210 AUBURN AVE NE,755
Fulton County,V,Mechanicsville,Glenn Street Southwest,GLENN ST SW / WINDSOR ST SW,756
Fulton County,M,Downtown,Luckie Street Northwest,VENABLE ST.,757
Fulton County,B,Peachtree Hills,Springdale Drive Northeast,310 SPRINGDALE DR NE,758
Fulton County,B,Peachtree Park,Peachtree Road,3315 PEACHTREE RD NE,759
Fulton County,M,Downtown,Spring Street Northwest,610 SPRING ST,760
Fulton County,W,Grant Park,Hill Street Southeast,387 HILL ST SE,761
Fulton County,X,Capitol View,Athens Avenue Southwest,1629 ATHENS AVE SW,762
Fulton County,Y,South Atlanta,Turman Avenue Southeast,63 TURMAN AVE SE,763
Fulton County,Y,Betmar LaVilla,Pryor Road,230 AMAL DR,764
Fulton County,F,Piedmont Heights,Piedmont Avenue Northeast,1874 PIEDMONT AVE NE,765
Fulton County,Z,Browns Mill Park,McWilliams Road,585 MCWILLIAMS RD,766
Fulton County,J,Grove Park,Gun Club Road Northwest,1047 GUN CLUB RD NW,767
Fulton County,M,Old Fourth Ward,Renaissance Parkway Northeast,306 PINE ST NE,768
Fulton County,Z,Orchard Knob,Humphries Drive Southeast,2995 HUMPHRIES DR SE,769
Fulton County,J,Dixie Hills,Vesta Avenue Northwest,2198 VESTA AVE NW,770
Fulton County,K,Knight Park/Howell Station,West Marietta Street Northwest,950 W MARIETTA ST NW,771
Fulton County,W,Ormewood Park,Bartram Street SE,488 BARTRAM ST SE,772
Fulton County,G,Chattahoochee,Bolton Road,BOLTON RD NW / I-285 NB EXPY NW,773
Fulton County,F,Virginia Highland,Adair Avenue Northeast,771 ADAIR AVE NE,774
Fulton County,G,Almond Park,Hollywood Road Northwest,1033 HOLLYWOOD RD,775
DeKalb County,W,East Atlanta,Blake Avenue Southeast,371 BLAKE AVE SE,776
Fulton County,D,Underwood Hills,Defoor Village Court,1234 DEFOOR VILLAGE CT NW,777
Fulton County,E,Midtown,10th Street Northeast,125 10TH ST NE,778
Fulton County,R,Greenbriar,Unknown,3260 VERDANT DR SW,779
Fulton County,V,Adair Park,Brookline Street Southwest,682 BROOKLINE ST SW,780
Fulton County,I,Westwood Terrace,Rogers Avenue Southwest,1841 ROGERS AVE SW,781
Fulton County,M,Downtown,Gilmer Street Southeast,71 PEACHTREE ST NE,782
Fulton County,C,Wyngate,Northside Drive Northwest,2770 NORTHSIDE DR,783
Fulton County,F,Virginia Highland,Ponce de Leon Terrace Northeast,770 PONCE DE LEON TER NE,784
Fulton County,B,North Buckhead,Peachtree Road Northeast,3300 PEACHTREE RD NE,785
DeKalb County,O,Kirkwood,College Avenue Northeast,2199 COLLEGE AVE NE,786
Fulton County,M,Old Fourth Ward,Daniel Street Southeast,36 DANIEL ST SE,787
Fulton County,Z,Norwood Manor,Constitution Road Southeast,894 CONSTITUTION RD SE,788
Fulton County,V,Mechanicsville,Glenn Street Southwest,490 GLENN ST SW,789
Fulton County,S,Oakland City,Selwin Avenue Southwest,1115 SELWIN AVE SW,790
Fulton County,Z,South River Gardens,Bonnie Lane Southeast,3908 BONNIE LN SE,791
Fulton County,J,West Lake,Ezra Church Drive Northwest,1603 EZRA CHURCH DR NW,792
Fulton County,N,Inman Park,Euclid Avenue Northeast,1034 EUCLID AVE NE,793
Fulton County,V,Pittsburgh,Booker Avenue Southwest,1167 BOOKER AVE SW,794
Fulton County,Y,Lakewood Heights,Sawtell Avenue Southeast,370 SAWTELL AVE SE,795
Fulton County,A,Paces,Clarendale Drive Northwest,1424 W PACES FERRY RD NW,796
Fulton County,R,Campbellton Road,Unknown,2328 CAMPBELLTON RD SW,797
Fulton County,T,Westview,Westwood Avenue Southwest,1685 WESTWOOD AVE SW,798
Fulton County,F,Piedmont Heights,Monroe Drive Northeast,1925 MONROE DR NE,799
Fulton County,G,Carver Hills,Mary George Avenue Northwest,1543 MARY GEORGE AVE NW,800
Fulton County,F,Piedmont Heights,Piedmont Avenue Northeast,1544 PIEDMONT AVE NE,801
Fulton County,D,Berkeley Park,Howell Mill Road Northwest,1715 HOWELL MILL RD NW,802
Fulton County,E,Midtown,7th Street Northeast,PIEDMONT AVE NE / 7TH ST NE,803
Fulton County,X,Perkerson,Brookdale Drive Southwest,804 BROOKDALE DR SW,804
Fulton County,Z,Glenrose Heights,Oak Drive Southeast,3178 WARD DR SE,805
Fulton County,Z,Thomasville Heights,New Town Circle Southeast,630 NEW TOWN CIR SE,806
Fulton County,Y,South Atlanta,Park Avenue Southeast,71 PARK AVE SE,807
Fulton County,B,Peachtree Heights West,Unknown,55 PHARR RD NW,808
Fulton County,Z,South River Gardens,Jonesboro Road Southeast,3885 JONESBORO RD SE,809
Fulton County,E,Midtown,Ponce de Leon Avenue Northeast,212 PONCE DE LEON AVE NE,810
Fulton County,G,Carey Park,Etheridge Drive Northwest,2591 ETHERIDGE DR NW,811
Fulton County,M,Downtown,Courtland Street Northeast,165 COURTLAND ST NE,812
Fulton County,I,Collier Heights,Hightower Court Northwest,2604 HIGHTOWER CT NW,813
Fulton County,B,Buckhead Heights,Kingsboro Road Northeast,3443 KINGSBORO RD NE,814
Fulton County,W,Ormewood Park,Portland Avenue Southeast,1034 PORTLAND AVE,815
Fulton County,W,Woodland Hills,Moreland Avenue Southeast,1139 MORELAND AVE SE,816
Fulton County,W,Custer/McDonough/Guice,Wellswood Drive Southeast,1472 WELLSWOOD DR SE,817
Fulton County,P,Kings Forest,Camp Ground Road Southwest,2256 CAMP GROUND RD SW,818
Fulton County,E,Midtown,5th Street Northwest,SPRING ST NW / ABERCROMBIE PL NW,819
Fulton County,N,Cabbagetown,Pearl Street Southeast,219 PEARL ST SE,820
Fulton County,M,Downtown,Kimball Way Southeast,95 PRYOR ST SW DECK B,821
Fulton County,M,Downtown,Broad Street Plaza,30 ALABAMA ST SW @FIVE POINTS MARTA ST,822
Fulton County,T,West End,Donnelly Avenue Southwest,1295 DONNELLY AVE,823
Fulton County,V,Adair Park,Tift Avenue Southwest,878 TIFT AVE SW,824
Fulton County,Y,South Atlanta,Gammon Street Southeast,79 GAMMON AVE SE,825
Fulton County,T,Ashview Heights,Fair Street Southwest,1017 WESTVIEW DR SW,826
Fulton County,B,Pine Hills,Valley Overlook Drive,1109 VALLEY OVERLOOK DR NE,827
Fulton County,K,Washington Park,Washington Heights Terrace Northwest,243 OLLIE ST NW,828
Fulton County,B,North Buckhead,Peachtree Road Northeast,3332 PEACHTREE RD NE,829
Fulton County,X,Sylvan Hills,Metropolitan Parkway Southwest,1919 METROPOLITAN PKWY SW METRO MARKET USA PLAZA,830
Fulton County,E,Midtown,Crescent Avenue Northeast,CRESCENT AVE NE / 13TH ST NE,831
Fulton County,T,Harris Chiles,Founders Drive Southwest,955 FOUNDERS DR SW,832
Fulton County,Y,The Villages at Carver,Moury Avenue Southwest,201 MOURY AVE SW,833
Fulton County,X,Perkerson,Langston Drive Southwest,651 LANGSTON DR SW,834
Fulton County,E,Atlantic Station,Unknown,231 18TH ST NW,835
Fulton County,T,Ashview Heights,Sells Avenue Southwest,343 JOSEPH E LOWERY BLVD SW,836
Fulton County,M,Downtown,Alabama Street Southwest,MARIETTA ST NW / BROAD ST NW,837
Fulton County,T,Ashview Heights,Palmetto Avenue Southwest,900 PALMETTO AVE SW,838
Fulton County,V,Pittsburgh,Sims Street Southwest,937 SIMS ST SW,839
Fulton County,T,West End,Oglethorpe Avenue Southwest,1241 DONNELLY AVENUE,840
Fulton County,W,Grant Park,Eloise Court Southeast,798 ELOISE CT SE,841
Fulton County,M,Downtown,Martin Luther King Junior Drive Southeast,75 MARTIN L KING JR DR SE,842
Fulton County,B,Garden Hills,East Wesley Road,2980 PIEDMONT RD,843
Fulton County,R,Greenbriar,Greenbriar Parkway Southwest,2841 GREENBRIAR PKWY SW @GREENBRIAR MALL,844
Fulton County,B,North Buckhead,Peachtree Road Northeast,3500 PEACHTREE RD,845
Fulton County,F,Virginia Highland,Virginia Avenue Northeast,1000 VIRGINIA AVE NE,846
Fulton County,L,Vine City,Magnolia Street Northwest,130 ELECTRIC AVE NW,847
Fulton County,D,Bolton,Bolton Drive Northwest,2080 BOLTON DR NW,848
Fulton County,R,Campbellton Road,Myrtle Drive Southwest,1867 MYRTLE DR SW,849
Fulton County,J,Grove Park,New Jersey Avenue Northwest,2079 JOSEPH E BOONE,850
Fulton County,M,Downtown,Auburn Avenue Northeast,228 AUBURN AVE NE,851
Fulton County,S,Venetian Hills,Cahaba Drive Southwest,1306 CAHABA DR SW,852
DeKalb County,W,East Atlanta,Pasley Avenue Southeast,779 PASLEY AVE SE,853
Fulton County,E,Unknown,Peachtree Park Drive Northeast,1704 PEACHTREE PARK DR NE,854
Fulton County,E,Atlantic Station,17th Street Northwest,17TH ST NW / MARKET ST NW,855
Fulton County,M,Downtown,West Peachtree Place Northwest,W PEACHTREE PL NW / WILLIAMS ST NW,856
Fulton County,E,Midtown,10th Street Northwest,100 10TH ST NW,857
Fulton County,E,Midtown,14th Street Northeast,188 14TH ST NE,858
DeKalb County,W,East Atlanta,Flat Shoals Avenue Southeast,485 FLAT SHOALS AVE SE EASTSIDE LOUNGE,859
Fulton County,T,Atlanta University Center,Parsons Street Southwest,840 BECKWITH ST SW,860
Fulton County,L,English Avenue,James P Brawley Drive Northwest,JAMES P BRAWLEY DR NW / JOSEPH E BOONE BLVD NW,861
Fulton County,W,Grant Park,Hill Street Southeast,980 HILL ST SE,862
Fulton County,M,Old Fourth Ward,Parkway Drive Northeast,320 PARKWAY DR NE,863
Fulton County,F,Piedmont Heights,Wimbledon Road Northeast,594 WIMBLEDON RD NE,864
Fulton County,V,Adair Park,Catherine Street Southwest,666 CATHERINE ST SW,865
Fulton County,S,Venetian Hills,Aniwaka Avenue Southwest,1410 ANIWAKA AVE SW,866
Fulton County,Z,Lakewood,Jonesboro Road Southeast,2025 JONESBORO RD SE,867
Fulton County,R,Adams Park,West Cedar Lane Southwest,2188 W CEDAR LN SW,868
Fulton County,W,Grant Park,Rawlins Street Southeast,965 RAWLINS ST SE,869
Fulton County,J,Center Hill,Unknown,2125 JOSEPH E BOONE BLVD NW,870
Fulton County,E,Midtown,Peachtree Street Northeast,710 PEACHTREE ST NE,871
Fulton County,M,Old Fourth Ward,Sampson Street Northeast,700 MCGRUDER ST NE,872
Fulton County,V,Peoplestown,Liman Avenue Southeast,1035 LINAM ST SE,873
Fulton County,S,Cascade Avenue/Road,Herring Road Southwest,2362 HERRING RD SW,874
Fulton County,B,North Buckhead,North Stratford Road Northeast,3776 N STRATFORD RD NE,875
Fulton County,Y,Lakewood Heights,Rhodesia Avenue Southeast,152 RHODESIA AVE SE,876
Fulton County,R,Greenbriar,Greenbriar Parkway Southwest,2841 Greenbriar Parkway S.W,877
Fulton County,J,Grove Park,Donald Lee Hollowell Parkway Northwest,1598 DONALD LEE HOLLOWELL PKWY NW,878
Fulton County,S,Venetian Hills,Graymont Drive Southwest,1220 GRAYMONT DR SW,879
Fulton County,L,Vine City,Northside Drive Northwest,126 NORTHSIDE DR NW,880
Fulton County,E,Home Park,Mecaslin Street Northwest,1219 MECASLIN ST NW,881
Fulton County,Z,Browns Mill Park,Cleveland Avenue Southwest,151 CLEVELAND AVE SW,882
Fulton County,T,Ashview Heights,Westview Drive Southwest,WESTVIEW DR SW / AGNES JONES PL SW,883
Fulton County,N,Inman Park,Hurt Street Northeast,960 EUCLID AVE NE,884
Fulton County,I,Florida Heights,Martin Luther King Junior Drive Southwest,MARTIN L KING JR DR NW / HAMILTON E HOLMES DR NW,885
Fulton County,T,Westview,Olympian Way Southwest,727 CASCADE AVE SW,886
Fulton County,V,Pittsburgh,Ira Street Southwest,1176 IRA ST SW,887
Fulton County,M,Castleberry Hill,Walker Street Southwest,184 WALKER ST SW,888
Fulton County,M,Castleberry Hill,Peters Street Southwest,242 PETERS ST SW,889
Fulton County,V,Summerhill,Little Street Southeast,131 LITTLE ST SE,890
Fulton County,D,Blandtown,Huff Road Northwest,1192 HUFF RD NW,891
Fulton County,B,North Buckhead,Peachtree Road,3340 PEACHTREE RD NE,892
DeKalb County,O,Edgewood,Aberdeen Street Northeast,27 ABERDEEN ST NE,893
Fulton County,Y,Lakewood Heights,Lakewood Avenue Southeast,1580 LAKEWOOD AVE SE,894
Fulton County,B,Peachtree Heights West,Pharr Road Northwest,31 PHARR RD NW,895
Fulton County,N,Poncey-Highland,Atlanta BeltLine Eastside Trail,820 RALPH MCGILL BLVD NE,896
Fulton County,E,Midtown,Ponce de Leon Avenue Northeast,265 PONCE DE LEON AVE NE,897
