Zone5,509,1
Zone4,401,2
Zone3,301,3
Zone3,307,4
Zone6,604,5
Zone2,205,6
Zone4,410,7
Zone2,201,8
Zone6,602,9
Zone1,109,10
Zone2,210,11
Zone2,211,12
Zone5,508,13
Zone3,303,14
Zone3,308,15
Zone6,605,16
Zone6,609,17
Zone2,212,18
Zone2,207,19
Zone1,114,20
Zone5,507,21
Zone5,505,22
Zone1,101,23
Zone3,305,24
Zone6,607,25
Zone6,603,26
Zone4,409,27
Zone4,411,28
Zone6,611,29
Zone4,404,30
Zone1,111,31
Zone4,412,32
Zone2,208,33
Zone1,104,34
Zone1,108,35
Zone6,601,36
Zone1,106,37
Zone6,612,38
Zone5,501,39
Zone5,511,40
Zone5,503,41
Zone2,213,42
Zone4,406,43
Zone1,110,44
Zone3,312,45
Zone2,204,46
Zone5,510,47
Zone4,402,48
Zone2,206,49
Zone3,302,50
Zone3,304,51
Zone5,50,52
Zone1,105,53
Zone1,102,54
Zone4,414,55
Zone1,103,56
Zone5,512,57
Zone1,112,58
Zone4,403,59
Zone5,502,60
Zone3,306,61
Zone3,310,62
Zone3,311,63
Zone4,408,64
Zone5,504,65
Zone2,203,66
Zone4,413,67
Zone7,707,68
Zone6,608,69
Zone6,606,70
Zone1,113,71
Zone5,506,72
Zone6,610,73
Zone3,313,74
Zone3,309,75
Zone4,407,76
Zone4,405,77
Zone2,209,78
Zone1,107,79
